label,bleu,bertscore_f1
Baseline,2.475400532214836,0.5854239463806152
