label,bleu,bertscore_f1
MDAV-C-k5,2.568397048691288,0.5831056237220764
